{"cameraMode":{"drawMode":0,"name":"Shaded","section":"Shading Mode"},"sceneLighting":false,"audioPlay":false,"sceneViewState":{"m_AlwaysRefresh":false,"showFog":true,"showSkybox":false,"showFlares":true,"showImageEffects":true,"showParticleSystems":true,"showVisualEffectGraphs":true,"m_FxEnabled":false},"in2DMode":false,"pivot":{"x":-0.20996952056884767,"y":-0.680415153503418,"z":-0.9435222148895264},"rotation":{"x":0.3629739582538605,"y":-0.32848063111305239,"z":0.13849249482154847,"w":0.8609129786491394},"size":3.7359132766723635,"orthographic":false}