{"cameraMode":{"drawMode":0,"name":"Shaded","section":"Shading Mode"},"sceneLighting":false,"audioPlay":false,"sceneViewState":{"m_AlwaysRefresh":false,"showFog":true,"showSkybox":false,"showFlares":true,"showImageEffects":true,"showParticleSystems":true,"showVisualEffectGraphs":true,"m_FxEnabled":false},"in2DMode":false,"pivot":{"x":0.9224178791046143,"y":2.794583320617676,"z":-2.3482913970947267},"rotation":{"x":-0.010144203901290894,"y":0.25803253054618838,"z":0.002709440654143691,"w":0.9660789966583252},"size":9.425898551940918,"orthographic":false}